{
  "as_of": "2026-05-04T04:12:08.860027Z",
  "seasons": [
    2022,
    2023,
    2024,
    2025
  ],
  "train_frac": 0.8,
  "seed": 42,
  "n_train": 8327,
  "n_test": 2082,
  "logistic_slope": 0.4544239038533195,
  "isotonic_n_blocks": 16,
  "brier_naive": 0.25,
  "brier_logistic": 0.2480128651304505,
  "brier_isotonic": 0.24669665110948888,
  "delta_logistic_minus_isotonic": 0.0013162140209616313,
  "pct_relative_improvement": 0.5307039295196744
}